<?xml version="1.0" encoding="UTF-8"?><!DOCTYPE mapper PUBLIC "-//mybatis.org//DTD Mapper 3.0//EN"
"http://mybatis.org/dtd/mybatis-3-mapper.dtd">
<mapper namespace="/">
	<insert id="personinsert" parameterType="com.entity.Person">
		insert into
		person
		(personid,personname)
		values(#{personid,jdbcType=INTEGER},#{personname,jdbcType=VARCHAR})
	</insert>
	<update id="updateById" parameterType="com.entity.Person">
		update person
		<set>
			<if test="personname!=null">personname=#{personname}</if>
		</set>
		<if test="personid!=null"> where personid=#{personid}</if>
	</update>
	<select id="selectOne" resultType="com.entity.Person" parameterType="com.entity.Person">
		select * from person
		where personid=#{personid}
	</select>
	<delete id="deleteById" parameterType="com.entity.Person">
		delete from person where personid=#{personid}
	</delete>
	<select id="selectAll" resultType="com.entity.Person" parameterType="com.entity.Person">
		select * from person
	</select>
</mapper>