<?xml version="1.0" encoding="UTF-8" ?>
<!DOCTYPE generatorConfiguration PUBLIC "-//mybatis.org//DTD MyBatis Generator Configuration 1.0//EN" "http://mybatis.org/dtd/mybatis-generator-config_1_0.dtd" >
<generatorConfiguration>
	<context id="context1">
		<jdbcConnection driverClass="com.mysql.jdbc.Driver"
			connectionURL="jdbc:mysql://localhost:3306/text" userId="root"
			password="123456" />
		<javaModelGenerator targetPackage="orm"
			targetProject="mysqlGenerator" />
		<sqlMapGenerator targetPackage="orm" targetProject="mysqlGenerator" />
		<javaClientGenerator targetPackage="orm"
			targetProject="mysqlGenerator" type="XMLMAPPER" />
		<table schema="text" tableName="person">
			<generatedKey column="personid" sqlStatement="mysql" identity="true"/>
		</table>
	</context>
</generatorConfiguration>