<?xml version="1.0" encoding="UTF-8" ?>  <!DOCTYPE configuration PUBLIC "-//mybatis.org//DTD Config 3.0//EN"  
"http://mybatis.org/dtd/mybatis-3-config.dtd">
<configuration>
	<!-- 对事务的管理和连接池的配置 -->
	<environments default="development">
		<environment id="development">
			<transactionManager type="JDBC" />
			<dataSource type="POOLED">
				<property name="driver" value="com.mysql.jdbc.Driver" />
				<property name="url" value="jdbc:mysql://localhost:3306/text" />
				<property name="username" value="root" />
				<property name="password" value="123456" />
			</dataSource>
		</environment>
	</environments>

	<!-- mapping 文件路径配置 -->
	<mappers>
		<mapper resource="com/entity/personMapping.xml" />
		<!--  <mapper resource="userMapping.xml" />-->
	</mappers>
</configuration>