<?xml version="1.0" encoding="UTF-8"?><!DOCTYPE mapper PUBLIC "-//mybatis.org//DTD Mapper 3.0//EN"
"http://mybatis.org/dtd/mybatis-3-mapper.dtd">
<mapper namespace="/">
	<sql id="userFiled">userid,username</sql>
	<insert id="userinsert" parameterType="map">
		insert into
		user
		(userid,username)
		values(#{userid},#{username})
	</insert>
	<update id="updateById" parameterType="map">
		update user
		set
		username=#{username} where userid=#{userid}
	</update>
	<select id="selectOne" resultType="map" parameterType="map">
		select <include refid="userFiled"></include>
		from user
		where userid=#{0}
	</select>
	<delete id="deleteById" parameterType="map">
		delete from user where
		userid=#{userid}
	</delete>
</mapper>